,GEO_ID,NAME,P1_001N,P1_006N,PCT,COUNTY,STATE,PCT_STATE,PCT_DIFF
15,0500000US01031,"Coffee County, Alabama",53465.0,909.0,1.700177686336856,Coffee County,Alabama,1.52579106375263,0.1743866225842261
36,0500000US01073,"Jefferson County, Alabama",674721.0,13109.0,1.9428771299544554,Jefferson County,Alabama,1.52579106375263,0.4170860662018254
40,0500000US01081,"Lee County, Alabama",174241.0,8572.0,4.9196228212648,Lee County,Alabama,1.52579106375263,3.39383175751217
41,0500000US01083,"Limestone County, Alabama",103570.0,1869.0,1.80457661484986,Limestone County,Alabama,1.52579106375263,0.27878555109723013
44,0500000US01089,"Madison County, Alabama",388153.0,10292.0,2.6515317413494164,Madison County,Alabama,1.52579106375263,1.1257406775967864
48,0500000US01097,"Mobile County, Alabama",414809.0,8585.0,2.0696272260245077,Mobile County,Alabama,1.52579106375263,0.5438361622718777
50,0500000US01101,"Montgomery County, Alabama",228954.0,7995.0,3.491967818863178,Montgomery County,Alabama,1.52579106375263,1.966176755110548
54,0500000US01109,"Pike County, Alabama",33009.0,588.0,1.7813323639007543,Pike County,Alabama,1.52579106375263,0.2555413001481244
58,0500000US01117,"Shelby County, Alabama",223024.0,5152.0,2.310065284453691,Shelby County,Alabama,1.52579106375263,0.7842742207010611
67,0500000US02013,"Aleutians East Borough, Alaska",3420.0,771.0,22.54385964912281,Aleutians East Borough,Alaska,6.003891512167452,16.539968136955356
68,0500000US02016,"Aleutians West Census Area, Alaska",5232.0,1513.0,28.91819571865443,Aleutians West Census Area,Alaska,6.003891512167452,22.914304206486978
69,0500000US02020,"Anchorage Municipality, Alaska",291247.0,27646.0,9.492286615827803,Anchorage Municipality,Alaska,6.003891512167452,3.488395103660351
72,0500000US02063,"Chugach Census Area, Alaska",7102.0,529.0,7.448606026471416,Chugach Census Area,Alaska,6.003891512167452,1.4447145143039641
79,0500000US02110,"Juneau City and Borough, Alaska",32255.0,2101.0,6.513718803286313,Juneau City and Borough,Alaska,6.003891512167452,0.509827291118861
81,0500000US02130,"Ketchikan Gateway Borough, Alaska",13948.0,1129.0,8.094350444508173,Ketchikan Gateway Borough,Alaska,6.003891512167452,2.090458932340721
82,0500000US02150,"Kodiak Island Borough, Alaska",13101.0,2803.0,21.395313334859935,Kodiak Island Borough,Alaska,6.003891512167452,15.391421822692482
91,0500000US02220,"Sitka City and Borough, Alaska",8458.0,573.0,6.774651217781981,Sitka City and Borough,Alaska,6.003891512167452,0.7707597056145294
104,0500000US04013,"Maricopa County, Arizona",4420568.0,203696.0,4.607914639023764,Maricopa County,Arizona,3.599663399380997,1.0082512396427665
115,0500000US05007,"Benton County, Arkansas",284333.0,13721.0,4.8256797487453085,Benton County,Arkansas,1.7213543707438494,3.104325378001459
119,0500000US05015,"Carroll County, Arkansas",28260.0,567.0,2.006369426751592,Carroll County,Arkansas,1.7213543707438494,0.2850150560077427
147,0500000US05071,"Johnson County, Arkansas",25749.0,926.0,3.5962561652879725,Johnson County,Arkansas,1.7213543707438494,1.874901794544123
171,0500000US05119,"Pulaski County, Arkansas",399125.0,10035.0,2.514249921703727,Pulaski County,Arkansas,1.7213543707438494,0.7928955509598776
175,0500000US05127,"Scott County, Arkansas",9836.0,278.0,2.8263521756811714,Scott County,Arkansas,1.7213543707438494,1.104997804937322
177,0500000US05131,"Sebastian County, Arkansas",127799.0,5789.0,4.529769403516459,Sebastian County,Arkansas,1.7213543707438494,2.8084150327726096
183,0500000US05143,"Washington County, Arkansas",245871.0,5718.0,2.3256097709774637,Washington County,Arkansas,1.7213543707438494,0.6042554002336142
187,0500000US06001,"Alameda County, California",1682353.0,545261.0,32.4106177478805,Alameda County,California,15.392565821686018,17.01805192619448
193,0500000US06013,"Contra Costa County, California",1165927.0,217823.0,18.682387490812033,Contra Costa County,California,15.392565821686018,3.289821669126015
216,0500000US06059,"Orange County, California",3186989.0,706813.0,22.17808094097595,Orange County,California,15.392565821686018,6.785515119289931
220,0500000US06067,"Sacramento County, California",1585055.0,281733.0,17.774335906325017,Sacramento County,California,15.392565821686018,2.3817700846389993
224,0500000US06075,"San Francisco County, California",873965.0,296505.0,33.92641581756706,San Francisco County,California,15.392565821686018,18.53384999588104
225,0500000US06077,"San Joaquin County, California",779233.0,139323.0,17.879504589769684,San Joaquin County,California,15.392565821686018,2.4869387680836663
227,0500000US06081,"San Mateo County, California",764442.0,230242.0,30.118962589705955,San Mateo County,California,15.392565821686018,14.726396768019937
229,0500000US06085,"Santa Clara County, California",1936259.0,759030.0,39.200850712637106,Santa Clara County,California,15.392565821686018,23.808284890951086
234,0500000US06095,"Solano County, California",453491.0,72766.0,16.045742914412855,Solano County,California,15.392565821686018,0.6531770927268372
237,0500000US06101,"Sutter County, California",99633.0,18234.0,18.301165276564994,Sutter County,California,15.392565821686018,2.908599454878976
245,0500000US08001,"Adams County, Colorado",519572.0,23268.0,4.478301371128544,Adams County,Colorado,3.4609784966834174,1.0173228744451266
247,0500000US08005,"Arapahoe County, Colorado",655070.0,42472.0,6.483581907277085,Arapahoe County,Colorado,3.4609784966834174,3.022603410593667
251,0500000US08013,"Boulder County, Colorado",330758.0,16450.0,4.973424679070498,Boulder County,Colorado,3.4609784966834174,1.5124461823870807
252,0500000US08014,"Broomfield County, Colorado",74112.0,5146.0,6.943544905008636,Broomfield County,Colorado,3.4609784966834174,3.482566408325219
261,0500000US08031,"Denver County, Colorado",715522.0,27875.0,3.895757223397743,Denver County,Colorado,3.4609784966834174,0.4347787267143257
263,0500000US08035,"Douglas County, Colorado",357978.0,20064.0,5.604813703635418,Douglas County,Colorado,3.4609784966834174,2.143835206952001
309,0500000US09001,"Fairfield County, Connecticut",957419.0,51341.0,5.362437971253965,Fairfield County,Connecticut,4.782520194434523,0.5799177768194426
310,0500000US09003,"Hartford County, Connecticut",899498.0,53844.0,5.986005527527576,Hartford County,Connecticut,4.782520194434523,1.2034853330930533
315,0500000US09013,"Tolland County, Connecticut",149788.0,8465.0,5.651320533020002,Tolland County,Connecticut,4.782520194434523,0.868800338585479
318,0500000US10003,"New Castle County, Delaware",570719.0,35200.0,6.167658690178529,New Castle County,Delaware,4.313256857935972,1.8544018322425568
321,0500000US12001,"Alachua County, Florida",278468.0,18076.0,6.491230590229398,Alachua County,Florida,2.988561664916365,3.5026689253130328
326,0500000US12011,"Broward County, Florida",1944375.0,75922.0,3.9046994535519124,Broward County,Florida,2.988561664916365,0.9161377886355475
330,0500000US12019,"Clay County, Florida",218245.0,6804.0,3.117597195812046,Clay County,Florida,2.988561664916365,0.1290355308956812
335,0500000US12031,"Duval County, Florida",995567.0,49467.0,4.968726363971485,Duval County,Florida,2.988561664916365,1.9801646990551203
336,0500000US12033,"Escambia County, Florida",321905.0,10039.0,3.1186219536819872,Escambia County,Florida,2.988561664916365,0.13006028876562237
348,0500000US12057,"Hillsborough County, Florida",1459762.0,71080.0,4.869286911154011,Hillsborough County,Florida,2.988561664916365,1.8807252462376458
356,0500000US12073,"Leon County, Florida",292198.0,10590.0,3.6242547861381667,Leon County,Florida,2.988561664916365,0.6356931212218018
366,0500000US12091,"Okaloosa County, Florida",211668.0,6802.0,3.2135230644216417,Okaloosa County,Florida,2.988561664916365,0.22496139950527683
368,0500000US12095,"Orange County, Florida",1429908.0,78348.0,5.479233629016692,Orange County,Florida,2.988561664916365,2.490671964100327
369,0500000US12097,"Osceola County, Florida",388656.0,11803.0,3.036875797620518,Osceola County,Florida,2.988561664916365,0.04831413270415297
372,0500000US12103,"Pinellas County, Florida",959107.0,34167.0,3.56237625207615,Pinellas County,Florida,2.988561664916365,0.5738145871597853
375,0500000US12109,"St. Johns County, Florida",273425.0,9882.0,3.614153789887538,St. Johns County,Florida,2.988561664916365,0.6255921249711731
379,0500000US12117,"Seminole County, Florida",470856.0,25615.0,5.440092087602155,Seminole County,Florida,2.988561664916365,2.45153042268579
418,0500000US13063,"Clayton County, Georgia",297595.0,13640.0,4.583410339555436,Clayton County,Georgia,4.471920408577072,0.11148993097836435
420,0500000US13067,"Cobb County, Georgia",766149.0,42810.0,5.587685946206286,Cobb County,Georgia,4.471920408577072,1.1157655376292146
423,0500000US13073,"Columbia County, Georgia",156010.0,7211.0,4.622139606435485,Columbia County,Georgia,4.471920408577072,0.1502191978584131
431,0500000US13089,"DeKalb County, Georgia",764382.0,50384.0,6.5914686635739725,DeKalb County,Georgia,4.471920408577072,2.119548254996901
443,0500000US13113,"Fayette County, Georgia",119194.0,6419.0,5.385338188163834,Fayette County,Georgia,4.471920408577072,0.9134177795867622
445,0500000US13117,"Forsyth County, Georgia",251283.0,45203.0,17.988881062387826,Forsyth County,Georgia,4.471920408577072,13.516960653810754
447,0500000US13121,"Fulton County, Georgia",1066710.0,80949.0,7.588660460668785,Fulton County,Georgia,4.471920408577072,3.1167400520917132
454,0500000US13135,"Gwinnett County, Georgia",957062.0,127152.0,13.285659654233479,Gwinnett County,Georgia,4.471920408577072,8.813739245656407
495,0500000US13219,"Oconee County, Georgia",41799.0,2082.0,4.980980406229814,Oconee County,Georgia,4.471920408577072,0.5090599976527423
548,0500000US15003,"Honolulu County, Hawaii",1016508.0,436853.0,42.97585459238885,Honolulu County,Hawaii,37.23718812509835,5.7386664672905
552,0500000US16001,"Ada County, Idaho",494967.0,13929.0,2.814127002406221,Ada County,Idaho,1.4591872355372664,1.3549397668689547
571,0500000US16039,"Elmore County, Idaho",28666.0,800.0,2.7907625758738575,Elmore County,Idaho,1.4591872355372664,1.331575340336591
580,0500000US16057,"Latah County, Idaho",39517.0,981.0,2.4824758964496296,Latah County,Idaho,1.4591872355372664,1.0232886609123633
584,0500000US16065,"Madison County, Idaho",52913.0,959.0,1.812409048815981,Madison County,Idaho,1.4591872355372664,0.3532218132787146
593,0500000US16083,"Twin Falls County, Idaho",90046.0,1431.0,1.5891877484841084,Twin Falls County,Idaho,1.4591872355372664,0.130000512946842
605,0500000US17019,"Champaign County, Illinois",205865.0,24487.0,11.894688266582468,Champaign County,Illinois,5.891727052970426,6.002961213612043
611,0500000US17031,"Cook County, Illinois",5275541.0,413271.0,7.833717906845952,Cook County,Illinois,5.891727052970426,1.9419908538755264
617,0500000US17043,"DuPage County, Illinois",932877.0,119672.0,12.82827210875603,DuPage County,Illinois,5.891727052970426,6.936545055785604
644,0500000US17097,"Lake County, Illinois",714342.0,59390.0,8.313944861144943,Lake County,Illinois,5.891727052970426,2.4222178081745174
694,0500000US17197,"Will County, Illinois",696355.0,42849.0,6.153326966848806,Will County,Illinois,5.891727052970426,0.26159991387838044
699,0500000US18003,"Allen County, Indiana",385410.0,18304.0,4.7492280947562335,Allen County,Indiana,2.4752532153724807,2.273974879383753
700,0500000US18005,"Bartholomew County, Indiana",82208.0,5390.0,6.556539509536785,Bartholomew County,Indiana,2.4752532153724807,4.081286294164304
703,0500000US18011,"Boone County, Indiana",70812.0,2401.0,3.3906682483194936,Boone County,Indiana,2.4752532153724807,0.915415032947013
726,0500000US18057,"Hamilton County, Indiana",347467.0,23595.0,6.790572917715927,Hamilton County,Indiana,2.4752532153724807,4.315319702343446
729,0500000US18063,"Hendricks County, Indiana",174788.0,5693.0,3.257088587317207,Hendricks County,Indiana,2.4752532153724807,0.7818353719447262
738,0500000US18081,"Johnson County, Indiana",161765.0,7448.0,4.6042098105276175,Johnson County,Indiana,2.4752532153724807,2.128956595155137
746,0500000US18097,"Marion County, Indiana",977203.0,40062.0,4.0996599478306965,Marion County,Indiana,2.4752532153724807,1.6244067324582159
750,0500000US18105,"Monroe County, Indiana",139718.0,8376.0,5.994932650052248,Monroe County,Indiana,2.4752532153724807,3.5196794346797673
776,0500000US18157,"Tippecanoe County, Indiana",186251.0,13657.0,7.332578080117691,Tippecanoe County,Indiana,2.4752532153724807,4.857324864745211
784,0500000US18173,"Warrick County, Indiana",63898.0,1644.0,2.5728504804532224,Warrick County,Indiana,2.4752532153724807,0.09759726508074174
796,0500000US19013,"Black Hawk County, Iowa",131144.0,3427.0,2.6131580552674922,Black Hawk County,Iowa,2.370540837125737,0.2426172181417554
800,0500000US19021,"Buena Vista County, Iowa",20823.0,1907.0,9.15814243864957,Buena Vista County,Iowa,2.370540837125737,6.787601601523833
814,0500000US19049,"Dallas County, Iowa",99678.0,5009.0,5.025181083087542,Dallas County,Iowa,2.370540837125737,2.6546402459618053
840,0500000US19101,"Jefferson County, Iowa",15663.0,500.0,3.1922364808785035,Jefferson County,Iowa,2.370540837125737,0.8216956437527667
841,0500000US19103,"Johnson County, Iowa",152854.0,8599.0,5.625629685844008,Johnson County,Iowa,2.370540837125737,3.2550888487182714
847,0500000US19115,"Louisa County, Iowa",10837.0,270.0,2.491464427424564,Louisa County,Iowa,2.370540837125737,0.12092359029882704
853,0500000US19127,"Marshall County, Iowa",40105.0,1517.0,3.7825707517765865,Marshall County,Iowa,2.370540837125737,1.4120299146508497
866,0500000US19153,"Polk County, Iowa",492401.0,24510.0,4.977650329710947,Polk County,Iowa,2.370540837125737,2.6071094925852103
871,0500000US19163,"Scott County, Iowa",174669.0,4858.0,2.7812605556795997,Scott County,Iowa,2.370540837125737,0.4107197185538629
874,0500000US19169,"Story County, Iowa",98537.0,5461.0,5.542080639759684,Story County,Iowa,2.370540837125737,3.171539802633947
886,0500000US19193,"Woodbury County, Iowa",105941.0,3008.0,2.839316223180827,Woodbury County,Iowa,2.370540837125737,0.46877538605509006
911,0500000US20045,"Douglas County, Kansas",118785.0,4685.0,3.9441006861135666,Douglas County,Kansas,2.9365733113673804,1.0075273747461861
916,0500000US20055,"Finney County, Kansas",38470.0,1548.0,4.023914738757473,Finney County,Kansas,2.9365733113673804,1.087341427390093
919,0500000US20061,"Geary County, Kansas",36739.0,1250.0,3.4023789433571956,Geary County,Kansas,2.9365733113673804,0.46580563198981517
934,0500000US20091,"Johnson County, Kansas",609863.0,33030.0,5.41597047205684,Johnson County,Kansas,2.9365733113673804,2.479397160689459
969,0500000US20161,"Riley County, Kansas",71959.0,3367.0,4.679053349824206,Riley County,Kansas,2.9365733113673804,1.7424800384568253
975,0500000US20173,"Sedgwick County, Kansas",523824.0,22511.0,4.2974357799566265,Sedgwick County,Kansas,2.9365733113673804,1.360862468589246
993,0500000US20209,"Wyandotte County, Kansas",169245.0,7705.0,4.5525717155602825,Wyandotte County,Kansas,2.9365733113673804,1.615998404192902
1001,0500000US21015,"Boone County, Kentucky",135968.0,3078.0,2.2637679453989175,Boone County,Kentucky,1.651768950312439,0.6119989950864784
1023,0500000US21059,"Daviess County, Kentucky",103312.0,2427.0,2.3491946724485055,Daviess County,Kentucky,1.651768950312439,0.6974257221360665
1027,0500000US21067,"Fayette County, Kentucky",322570.0,13427.0,4.1625073627429705,Fayette County,Kentucky,1.651768950312439,2.5107384124305314
1030,0500000US21073,"Franklin County, Kentucky",51541.0,1032.0,2.002289439475369,Franklin County,Kentucky,1.651768950312439,0.3505204891629301
1040,0500000US21093,"Hardin County, Kentucky",110702.0,2277.0,2.056873407887843,Hardin County,Kentucky,1.651768950312439,0.4051044575754039
1049,0500000US21111,"Jefferson County, Kentucky",782969.0,27115.0,3.4631000716503464,Jefferson County,Kentucky,1.651768950312439,1.8113311213379073
1086,0500000US21185,"Oldham County, Kentucky",67607.0,1177.0,1.7409439850903015,Oldham County,Kentucky,1.651768950312439,0.08917503477786237
1107,0500000US21227,"Warren County, Kentucky",134554.0,7326.0,5.4446541908824715,Warren County,Kentucky,1.651768950312439,3.7928852405700324
1121,0500000US22015,"Bossier Parish, Louisiana",128746.0,2396.0,1.8610286921535428,Bossier Parish,Louisiana,1.855785950190188,0.0052427419633547245
1130,0500000US22033,"East Baton Rouge Parish, Louisiana",456781.0,14499.0,3.1741688029931194,East Baton Rouge Parish,Louisiana,1.855785950190188,1.3183828528029313
1136,0500000US22045,"Iberia Parish, Louisiana",69929.0,1943.0,2.7785325115474264,Iberia Parish,Louisiana,1.855785950190188,0.9227465613572383
1139,0500000US22051,"Jefferson Parish, Louisiana",440781.0,19780.0,4.487489252032188,Jefferson Parish,Louisiana,1.855785950190188,2.631703301842
1141,0500000US22055,"Lafayette Parish, Louisiana",241753.0,5268.0,2.179083610131001,Lafayette Parish,Louisiana,1.855785950190188,0.32329765994081305
1149,0500000US22071,"Orleans Parish, Louisiana",383997.0,10703.0,2.787261358812699,Orleans Parish,Louisiana,1.855785950190188,0.931475408622511
1151,0500000US22075,"Plaquemines Parish, Louisiana",23515.0,1053.0,4.477992770571975,Plaquemines Parish,Louisiana,1.855785950190188,2.6222068203817868
1157,0500000US22087,"St. Bernard Parish, Louisiana",43764.0,997.0,2.27812814185175,St. Bernard Parish,Louisiana,1.855785950190188,0.42234219166156195
1170,0500000US22113,"Vermilion Parish, Louisiana",57359.0,1263.0,2.201921232936418,Vermilion Parish,Louisiana,1.855785950190188,0.34613528274623007
1180,0500000US23005,"Cumberland County, Maine",303069.0,7204.0,2.3770164549986967,Cumberland County,Maine,1.2330083333394501,1.1440081216592466
1181,0500000US23007,"Franklin County, Maine",29456.0,386.0,1.310429114611624,Franklin County,Maine,1.2330083333394501,0.07742078127217389
1206,0500000US24027,"Howard County, Maryland",332317.0,66288.0,19.94721907094732,Howard County,Maryland,6.8144525761086205,13.132766494838698
1208,0500000US24031,"Montgomery County, Maryland",1062061.0,163507.0,15.395255074802671,Montgomery County,Maryland,6.8144525761086205,8.580802498694052
1226,0500000US25017,"Middlesex County, Massachusetts",1632002.0,210462.0,12.895940078504806,Middlesex County,Massachusetts,7.225320014446828,5.670620064057978
1228,0500000US25021,"Norfolk County, Massachusetts",725981.0,88512.0,12.192054612999515,Norfolk County,Massachusetts,7.225320014446828,4.966734598552687
1230,0500000US25025,"Suffolk County, Massachusetts",797936.0,81140.0,10.168735337169899,Suffolk County,Massachusetts,7.225320014446828,2.9434153227230713
1264,0500000US26065,"Ingham County, Michigan",284900.0,16522.0,5.799227799227799,Ingham County,Michigan,3.3173466268002905,2.4818811724275083
1272,0500000US26081,"Kent County, Michigan",657974.0,21980.0,3.3405575296288306,Kent County,Michigan,3.3173466268002905,0.023210902828540103
1281,0500000US26099,"Macomb County, Michigan",881217.0,38421.0,4.359993055059083,Macomb County,Michigan,3.3173466268002905,1.0426464282587924
1294,0500000US26125,"Oakland County, Michigan",1274395.0,105974.0,8.3156321234782,Oakland County,Michigan,3.3173466268002905,4.998285496677909
1312,0500000US26161,"Washtenaw County, Michigan",372258.0,33632.0,9.034594286758109,Washtenaw County,Michigan,3.3173466268002905,5.717247659957819
1313,0500000US26163,"Wayne County, Michigan",1793561.0,64947.0,3.621120218381198,Wayne County,Michigan,3.3173466268002905,0.30377359158090744
1316,0500000US27003,"Anoka County, Minnesota",363887.0,19257.0,5.292027470066256,Anoka County,Minnesota,5.242974057275799,0.04905341279045761
1333,0500000US27037,"Dakota County, Minnesota",439882.0,24118.0,5.482834032763332,Dakota County,Minnesota,5.242974057275799,0.23985997548753346
1341,0500000US27053,"Hennepin County, Minnesota",1281565.0,97864.0,7.636288444206888,Hennepin County,Minnesota,5.242974057275799,2.393314386931089
1367,0500000US27105,"Nobles County, Minnesota",22290.0,1362.0,6.110363391655451,Nobles County,Minnesota,5.242974057275799,0.8673893343796522
1369,0500000US27109,"Olmsted County, Minnesota",162847.0,10278.0,6.3114457128470285,Olmsted County,Minnesota,5.242974057275799,1.06847165557123
1376,0500000US27123,"Ramsey County, Minnesota",552352.0,86079.0,15.58408406233706,Ramsey County,Minnesota,5.242974057275799,10.341110005061262
1384,0500000US27139,"Scott County, Minnesota",150928.0,10015.0,6.635614332661932,Scott County,Minnesota,5.242974057275799,1.3926402753861336
1396,0500000US27163,"Washington County, Minnesota",267568.0,18604.0,6.952998863840221,Washington County,Minnesota,5.242974057275799,1.7100248065644221
1418,0500000US28033,"DeSoto County, Mississippi",185314.0,3045.0,1.643157019976904,DeSoto County,Mississippi,1.1045565108860056,0.5386005090908985
1425,0500000US28047,"Harrison County, Mississippi",208621.0,6008.0,2.8798634845006017,Harrison County,Mississippi,1.1045565108860056,1.775306973614596
1431,0500000US28059,"Jackson County, Mississippi",143252.0,3204.0,2.2366179878814956,Jackson County,Mississippi,1.1045565108860056,1.13206147699549
1437,0500000US28071,"Lafayette County, Mississippi",55813.0,1685.0,3.0190099080859296,Lafayette County,Mississippi,1.1045565108860056,1.914453397199924
1438,0500000US28073,"Lamar County, Mississippi",64222.0,1102.0,1.715922892466756,Lamar County,Mississippi,1.1045565108860056,0.6113663815807504
1442,0500000US28081,"Lee County, Mississippi",83343.0,924.0,1.1086713941182822,Lee County,Mississippi,1.1045565108860056,0.0041148832322766005
1446,0500000US28089,"Madison County, Mississippi",109145.0,3196.0,2.92821476018141,Madison County,Mississippi,1.1045565108860056,1.8236582492954043
1454,0500000US28105,"Oktibbeha County, Mississippi",51788.0,1507.0,2.9099405267629566,Oktibbeha County,Mississippi,1.1045565108860056,1.805384015876951
1462,0500000US28121,"Rankin County, Mississippi",157031.0,2269.0,1.4449376237812914,Rankin County,Mississippi,1.1045565108860056,0.34038111289528583
1484,0500000US29001,"Adair County, Missouri",25314.0,687.0,2.71391324958521,Adair County,Missouri,2.1670005733631004,0.5469126762221097
1488,0500000US29009,"Barry County, Missouri",34534.0,811.0,2.3484102623501477,Barry County,Missouri,2.1670005733631004,0.18140968898704735
1493,0500000US29019,"Boone County, Missouri",183610.0,7820.0,4.259027286095528,Boone County,Missouri,2.1670005733631004,2.092026712732428
1507,0500000US29047,"Clay County, Missouri",253335.0,6126.0,2.4181419859079876,Clay County,Missouri,2.1670005733631004,0.2511414125448872
1564,0500000US29161,"Phelps County, Missouri",44638.0,1517.0,3.398449751332945,Phelps County,Missouri,2.1670005733631004,1.2314491779698447
1566,0500000US29165,"Platte County, Missouri",106718.0,2746.0,2.573136677973725,Platte County,Missouri,2.1670005733631004,0.40613610461062466
1568,0500000US29169,"Pulaski County, Missouri",53955.0,1835.0,3.400982300064869,Pulaski County,Missouri,2.1670005733631004,1.2339817267017685
1575,0500000US29183,"St. Charles County, Missouri",405262.0,11147.0,2.7505663003192997,St. Charles County,Missouri,2.1670005733631004,0.5835657269561993
1579,0500000US29189,"St. Louis County, Missouri",1004125.0,48784.0,4.85835926801942,St. Louis County,Missouri,2.1670005733631004,2.6913586946563197
1598,0500000US29510,"St. Louis city, Missouri",301578.0,12289.0,4.074899362685607,St. Louis city,Missouri,2.1670005733631004,1.9078987893225068
1605,0500000US30013,"Cascade County, Montana",84414.0,952.0,1.1277750136233327,Cascade County,Montana,0.7655237612119256,0.3622512524114071
1608,0500000US30019,"Daniels County, Montana",1661.0,13.0,0.78266104756171,Daniels County,Montana,0.7655237612119256,0.017137286349784397
1614,0500000US30031,"Gallatin County, Montana",118960.0,1413.0,1.187794216543376,Gallatin County,Montana,0.7655237612119256,0.42227045533145036
1623,0500000US30049,"Lewis and Clark County, Montana",70973.0,559.0,0.7876234624434644,Lewis and Clark County,Montana,0.7655237612119256,0.022099701231538815
1630,0500000US30063,"Missoula County, Montana",117922.0,1456.0,1.2347144722782857,Missoula County,Montana,0.7655237612119256,0.4691907110663601
1640,0500000US30083,"Richland County, Montana",11491.0,121.0,1.0529979984335567,Richland County,Montana,0.7655237612119256,0.2874742372216311
1654,0500000US30111,"Yellowstone County, Montana",164731.0,1320.0,0.8013063722068099,Yellowstone County,Montana,0.7655237612119256,0.035782610994884334
1676,0500000US31043,"Dakota County, Nebraska",21582.0,609.0,2.821795941061996,Dakota County,Nebraska,2.6995101717865477,0.12228576927544843
1682,0500000US31055,"Douglas County, Nebraska",584526.0,27827.0,4.760609451076599,Douglas County,Nebraska,2.6995101717865477,2.061099279290051
1709,0500000US31109,"Lancaster County, Nebraska",322608.0,14086.0,4.366289738630164,Lancaster County,Nebraska,2.6995101717865477,1.6667795668436165
1749,0500000US32003,"Clark County, Nevada",2265461.0,237663.0,10.490712486332804,Clark County,Nevada,8.78379727721385,1.7069152091189537
1769,0500000US33009,"Grafton County, New Hampshire",91118.0,2867.0,3.146469413288264,Grafton County,New Hampshire,2.604010514479187,0.5424588988090768
1770,0500000US33011,"Hillsborough County, New Hampshire",422937.0,16523.0,3.906728425273741,Hillsborough County,New Hampshire,2.604010514479187,1.302717910794554
1773,0500000US33017,"Strafford County, New Hampshire",130889.0,4506.0,3.4426116785978964,Strafford County,New Hampshire,2.604010514479187,0.8386011641187094
1776,0500000US34003,"Bergen County, New Jersey",955732.0,158630.0,16.597749159806305,Bergen County,New Jersey,10.228125887475006,6.3696232723312995
1783,0500000US34017,"Hudson County, New Jersey",724854.0,124555.0,17.18346039340336,Hudson County,New Jersey,10.228125887475006,6.955334505928356
1785,0500000US34021,"Mercer County, New Jersey",387340.0,48537.0,12.530851448339961,Mercer County,New Jersey,10.228125887475006,2.302725560864955
1786,0500000US34023,"Middlesex County, New Jersey",863162.0,228813.0,26.508697092782118,Middlesex County,New Jersey,10.228125887475006,16.280571205307112
1788,0500000US34027,"Morris County, New Jersey",509285.0,58034.0,11.395191297603503,Morris County,New Jersey,10.228125887475006,1.1670654101284974
1792,0500000US34035,"Somerset County, New Jersey",345361.0,67309.0,19.489461751616425,Somerset County,New Jersey,10.228125887475006,9.261335864141419
1796,0500000US35001,"Bernalillo County, New Mexico",676444.0,20253.0,2.994039417897121,Bernalillo County,New Mexico,1.7694739417111132,1.2245654761860076
1811,0500000US35028,"Los Alamos County, New Mexico",19419.0,1238.0,6.3751995468355735,Los Alamos County,New Mexico,1.7694739417111132,4.60572560512446
1824,0500000US35053,"Socorro County, New Mexico",16595.0,311.0,1.8740584513407654,Socorro County,New Mexico,1.7694739417111132,0.10458450962965227
1852,0500000US36047,"Kings County, New York",2736074.0,373680.0,13.657525344709242,Kings County,New York,9.569343954920807,4.088181389788435
1858,0500000US36059,"Nassau County, New York",1395774.0,164201.0,11.764153795671792,Nassau County,New York,9.569343954920807,2.1948098407509846
1859,0500000US36061,"New York County, New York",1694251.0,221995.0,13.102840134076946,New York County,New York,9.569343954920807,3.5334961791561383
1869,0500000US36081,"Queens County, New York",2405464.0,660631.0,27.463765826468407,Queens County,New York,9.569343954920807,17.8944218715476
1871,0500000US36085,"Richmond County, New York",495747.0,59279.0,11.957510585036319,Richmond County,New York,9.569343954920807,2.388166630115512
1883,0500000US36109,"Tompkins County, New York",105740.0,10532.0,9.960279931908454,Tompkins County,New York,9.569343954920807,0.39093597698764704
1902,0500000US37023,"Burke County, North Carolina",87570.0,3168.0,3.6176772867420346,Burke County,North Carolina,3.286121753497427,0.3315555332446074
1903,0500000US37025,"Cabarrus County, North Carolina",225804.0,11984.0,5.307257621654178,Cabarrus County,North Carolina,3.286121753497427,2.0211358681567506
1908,0500000US37035,"Catawba County, North Carolina",160610.0,7023.0,4.37270406574933,Catawba County,North Carolina,3.286121753497427,1.086582312251903
1922,0500000US37063,"Durham County, North Carolina",324833.0,16817.0,5.177121782577509,Durham County,North Carolina,3.286121753497427,1.891000029080082
1931,0500000US37081,"Guilford County, North Carolina",541299.0,28922.0,5.3430728673062395,Guilford County,North Carolina,3.286121753497427,2.0569511138088123
1950,0500000US37119,"Mecklenburg County, North Carolina",1115482.0,72035.0,6.457746516752399,Mecklenburg County,North Carolina,3.286121753497427,3.171624763254972
1958,0500000US37135,"Orange County, North Carolina",148696.0,12674.0,8.523430354548879,Orange County,North Carolina,3.286121753497427,5.237308601051451
1980,0500000US37179,"Union County, North Carolina",238267.0,9572.0,4.01734188956087,Union County,North Carolina,3.286121753497427,0.7312201360634432
1982,0500000US37183,"Wake County, North Carolina",1129410.0,97042.0,8.592273842094544,Wake County,North Carolina,3.286121753497427,5.306152088597116
1991,0500000US38001,"Adams County, North Dakota",2200.0,39.0,1.7727272727272727,Adams County,North Dakota,1.695944263464999,0.07678300926227366
1999,0500000US38017,"Cass County, North Dakota",184525.0,6068.0,3.2884433003658042,Cass County,North Dakota,1.695944263464999,1.5924990369008052
2008,0500000US38035,"Grand Forks County, North Dakota",73170.0,2495.0,3.409867432007654,Grand Forks County,North Dakota,1.695944263464999,1.7139231685426548
2052,0500000US39017,"Butler County, Ohio",390357.0,15730.0,4.029644658607377,Butler County,Ohio,2.52985563392457,1.4997890246828067
2061,0500000US39035,"Cuyahoga County, Ohio",1264817.0,44071.0,3.484377581895246,Cuyahoga County,Ohio,2.52985563392457,0.9545219479706759
2064,0500000US39041,"Delaware County, Ohio",214124.0,18216.0,8.507220115447124,Delaware County,Ohio,2.52985563392457,5.977364481522554
2068,0500000US39049,"Franklin County, Ohio",1323807.0,74071.0,5.595302034208914,Franklin County,Ohio,2.52985563392457,3.065446400284344
2072,0500000US39057,"Greene County, Ohio",167966.0,5571.0,3.3167426741126182,Greene County,Ohio,2.52985563392457,0.7868870401880481
2074,0500000US39061,"Hamilton County, Ohio",830639.0,25333.0,3.049820680223298,Hamilton County,Ohio,2.52985563392457,0.519965046298728
2088,0500000US39089,"Licking County, Ohio",178519.0,5028.0,2.816506926433601,Licking County,Ohio,2.52985563392457,0.28665129250903076
2120,0500000US39153,"Summit County, Ohio",540428.0,22621.0,4.185756474497991,Summit County,Ohio,2.52985563392457,1.6559008405734206
2123,0500000US39159,"Union County, Ohio",62784.0,4045.0,6.442724260958206,Union County,Ohio,2.52985563392457,3.912868627033636
2126,0500000US39165,"Warren County, Ohio",242337.0,17331.0,7.151611186075589,Warren County,Ohio,2.52985563392457,4.6217555521510185
2140,0500000US40017,"Canadian County, Oklahoma",154405.0,4847.0,3.1391470483468797,Canadian County,Oklahoma,2.297067222851814,0.8420798254950657
2145,0500000US40027,"Cleveland County, Oklahoma",295528.0,12827.0,4.340367071817222,Cleveland County,Oklahoma,2.297067222851814,2.043299848965408
2147,0500000US40031,"Comanche County, Oklahoma",121125.0,3141.0,2.5931888544891644,Comanche County,Oklahoma,2.297067222851814,0.2961216316373503
2186,0500000US40109,"Oklahoma County, Oklahoma",796292.0,28178.0,3.538651650399602,Oklahoma County,Oklahoma,2.297067222851814,1.2415844275477879
2191,0500000US40119,"Payne County, Oklahoma",81646.0,2673.0,3.2738897190309384,Payne County,Oklahoma,2.297067222851814,0.9768224961791243
2203,0500000US40143,"Tulsa County, Oklahoma",669279.0,25122.0,3.753591551505426,Tulsa County,Oklahoma,2.297067222851814,1.4565243286536118
2210,0500000US41003,"Benton County, Oregon",95184.0,6428.0,6.753235837955959,Benton County,Oregon,4.5911316191422,2.1621042188137594
2211,0500000US41005,"Clackamas County, Oregon",421401.0,20699.0,4.911948476629148,Clackamas County,Oregon,4.5911316191422,0.32081685748694877
2234,0500000US41051,"Multnomah County, Oregon",815428.0,62022.0,7.606066997944638,Multnomah County,Oregon,4.5911316191422,3.0149353788024387
2242,0500000US41067,"Washington County, Oregon",600372.0,69106.0,11.51053013798112,Washington County,Oregon,4.5911316191422,6.9193985188389195
2246,0500000US42003,"Allegheny County, Pennsylvania",1250578.0,58541.0,4.681115452214896,Allegheny County,Pennsylvania,3.926115345274443,0.7550001069404528
2253,0500000US42017,"Bucks County, Pennsylvania",646538.0,35216.0,5.446856951950233,Bucks County,Pennsylvania,3.926115345274443,1.5207416066757897
2258,0500000US42027,"Centre County, Pennsylvania",158172.0,11404.0,7.209872796702324,Centre County,Pennsylvania,3.926115345274443,3.2837574514278813
2259,0500000US42029,"Chester County, Pennsylvania",534413.0,35252.0,6.596396419997268,Chester County,Pennsylvania,3.926115345274443,2.6702810747228245
2265,0500000US42041,"Cumberland County, Pennsylvania",259469.0,13911.0,5.361334109277024,Cumberland County,Pennsylvania,3.926115345274443,1.435218764002581
2266,0500000US42043,"Dauphin County, Pennsylvania",286401.0,17277.0,6.0324510040118575,Dauphin County,Pennsylvania,3.926115345274443,2.1063356587374145
2267,0500000US42045,"Delaware County, Pennsylvania",576830.0,36457.0,6.320232997590278,Delaware County,Pennsylvania,3.926115345274443,2.3941176523158347
2290,0500000US42091,"Montgomery County, Pennsylvania",856553.0,68032.0,7.9425324527495675,Montgomery County,Pennsylvania,3.926115345274443,4.0164171074751245
2295,0500000US42101,"Philadelphia County, Pennsylvania",1603797.0,133553.0,8.32730077434987,Philadelphia County,Pennsylvania,3.926115345274443,4.4011854290754275
2315,0500000US44007,"Providence County, Rhode Island",660741.0,28614.0,4.3305924711800845,Providence County,Rhode Island,3.5503686511223562,0.7802238200577283
2324,0500000US45015,"Berkeley County, South Carolina",229861.0,5452.0,2.371868216008805,Berkeley County,South Carolina,1.767457762886044,0.6044104531227612
2326,0500000US45019,"Charleston County, South Carolina",408235.0,7567.0,1.85358923169253,Charleston County,South Carolina,1.767457762886044,0.08613146880648603
2334,0500000US45035,"Dorchester County, South Carolina",161540.0,3314.0,2.0515042713878917,Dorchester County,South Carolina,1.767457762886044,0.28404650850184776
2339,0500000US45045,"Greenville County, South Carolina",525534.0,12981.0,2.4700590256767403,Greenville County,South Carolina,1.767457762886044,0.7026012627906963
2345,0500000US45057,"Lancaster County, South Carolina",96016.0,1778.0,1.8517747042159642,Lancaster County,South Carolina,1.767457762886044,0.08431694132992029
2348,0500000US45063,"Lexington County, South Carolina",293991.0,6692.0,2.276260157623873,Lexington County,South Carolina,1.767457762886044,0.5088023947378288
2355,0500000US45077,"Pickens County, South Carolina",131404.0,2735.0,2.0813673860765274,Pickens County,South Carolina,1.767457762886044,0.31390962319048343
2356,0500000US45079,"Richland County, South Carolina",416147.0,11438.0,2.7485479890519455,Richland County,South Carolina,1.767457762886044,0.9810902261659016
2358,0500000US45083,"Spartanburg County, South Carolina",327997.0,8297.0,2.5295963072832985,Spartanburg County,South Carolina,1.767457762886044,0.7621385443972546
2362,0500000US45091,"York County, South Carolina",282090.0,8825.0,3.128434187670601,York County,South Carolina,1.767457762886044,1.3609764247845573
2364,0500000US46005,"Beadle County, South Dakota",19149.0,2071.0,10.815186171601649,Beadle County,South Dakota,1.5198490526883262,9.295337118913324
2367,0500000US46011,"Brookings County, South Dakota",34375.0,917.0,2.6676363636363636,Brookings County,South Dakota,1.5198490526883262,1.1477873109480374
2368,0500000US46013,"Brown County, South Dakota",38301.0,922.0,2.4072478525364875,Brown County,South Dakota,1.5198490526883262,0.8873987998481614
2375,0500000US46027,"Clay County, South Dakota",14967.0,361.0,2.4119730072826884,Clay County,South Dakota,1.5198490526883262,0.8921239545943622
2403,0500000US46083,"Lincoln County, South Dakota",65161.0,1001.0,1.5361949632448857,Lincoln County,South Dakota,1.5198490526883262,0.01634591055655954
2411,0500000US46099,"Minnehaha County, South Dakota",197214.0,4617.0,2.341111685782957,Minnehaha County,South Dakota,1.5198490526883262,0.8212626330946307
2447,0500000US47037,"Davidson County, Tennessee",715884.0,27869.0,3.8929491370110245,Davidson County,Tennessee,1.962351899334958,1.9305972376760665
2461,0500000US47065,"Hamilton County, Tennessee",366207.0,8212.0,2.2424475774630195,Hamilton County,Tennessee,1.962351899334958,0.28009567812806146
2475,0500000US47093,"Knox County, Tennessee",478971.0,11962.0,2.497437214361621,Knox County,Tennessee,1.962351899334958,0.535085315026663
2491,0500000US47125,"Montgomery County, Tennessee",220069.0,5202.0,2.363804079629571,Montgomery County,Tennessee,1.962351899334958,0.40145218029461294
2503,0500000US47149,"Rutherford County, Tennessee",341486.0,12538.0,3.6716000070281063,Rutherford County,Tennessee,1.962351899334958,1.7092481076931483
2507,0500000US47157,"Shelby County, Tennessee",929744.0,28149.0,3.0276075995112635,Shelby County,Tennessee,1.962351899334958,1.0652557001763054
2522,0500000US47187,"Williamson County, Tennessee",247726.0,12953.0,5.228760808312409,Williamson County,Tennessee,1.962351899334958,3.2664089089774513
2523,0500000US47189,"Wilson County, Tennessee",147737.0,3106.0,2.1023846429804314,Wilson County,Tennessee,1.962351899334958,0.14003274364547336
2543,0500000US48039,"Brazoria County, Texas",372031.0,26592.0,7.147791447486903,Brazoria County,Texas,5.439878293410939,1.707913154075964
2544,0500000US48041,"Brazos County, Texas",233849.0,14763.0,6.313048163558535,Brazos County,Texas,5.439878293410939,0.8731698701475956
2552,0500000US48057,"Calhoun County, Texas",20106.0,1115.0,5.545608276136477,Calhoun County,Texas,5.439878293410939,0.10572998272553757
2566,0500000US48085,"Collin County, Texas",1064465.0,189209.0,17.775032528077485,Collin County,Texas,5.439878293410939,12.335154234666547
2580,0500000US48113,"Dallas County, Texas",2613539.0,183124.0,7.006744494725352,Dallas County,Texas,5.439878293410939,1.5668662013144123
2584,0500000US48121,"Denton County, Texas",906422.0,93463.0,10.311201625732828,Denton County,Texas,5.439878293410939,4.8713233323218885
2602,0500000US48157,"Fort Bend County, Texas",822779.0,182537.0,22.185422817062662,Fort Bend County,Texas,5.439878293410939,16.745544523651724
2624,0500000US48201,"Harris County, Texas",4731145.0,349268.0,7.382314429170951,Harris County,Texas,5.439878293410939,1.942436135760012
2743,0500000US48439,"Tarrant County, Texas",2110640.0,129437.0,6.132594852746086,Tarrant County,Texas,5.439878293410939,0.692716559335147
2750,0500000US48453,"Travis County, Texas",1290188.0,101038.0,7.831261800605803,Travis County,Texas,5.439878293410939,2.3913835071948633
2769,0500000US48491,"Williamson County, Texas",609017.0,54628.0,8.969864552221038,Williamson County,Texas,5.439878293410939,3.5299862588100988
2795,0500000US49035,"Salt Lake County, Utah",1185238.0,51030.0,4.305464387743221,Salt Lake County,Utah,2.4586626303331443,1.846801757410077
2810,0500000US50007,"Chittenden County, Vermont",168323.0,7243.0,4.303036424018107,Chittenden County,Vermont,1.7958969143663979,2.5071395096517097
2822,0500000US51003,"Albemarle County, Virginia",112395.0,8222.0,7.315272031674007,Albemarle County,Virginia,7.130204823253907,0.18506720842009994
2827,0500000US51013,"Arlington County, Virginia",238643.0,27443.0,11.499604011012266,Arlington County,Virginia,7.130204823253907,4.36939918775836
2849,0500000US51059,"Fairfax County, Virginia",1150309.0,235050.0,20.433640004555297,Fairfax County,Virginia,7.130204823253907,13.30343518130139
2863,0500000US51087,"Henrico County, Virginia",334389.0,32296.0,9.658212441198724,Henrico County,Virginia,7.130204823253907,2.5280076179448177
2873,0500000US51107,"Loudoun County, Virginia",420959.0,89779.0,21.327255148363616,Loudoun County,Virginia,7.130204823253907,14.197050325109709
2880,0500000US51121,"Montgomery County, Virginia",99721.0,8347.0,8.370353285667012,Montgomery County,Virginia,7.130204823253907,1.2401484624131047
2893,0500000US51153,"Prince William County, Virginia",482204.0,50314.0,10.434173088568324,Prince William County,Virginia,7.130204823253907,3.303968265314417
2919,0500000US51540,"Charlottesville city, Virginia",46553.0,4083.0,8.770648508151998,Charlottesville city,Virginia,7.130204823253907,1.6404436848980914
2925,0500000US51600,"Fairfax city, Virginia",24146.0,4537.0,18.789861674811565,Fairfax city,Virginia,7.130204823253907,11.659656851557658
2926,0500000US51610,"Falls Church city, Virginia",14658.0,1499.0,10.226497475781143,Falls Church city,Virginia,7.130204823253907,3.096292652527236
2936,0500000US51685,"Manassas Park city, Virginia",17219.0,1835.0,10.656832568674139,Manassas Park city,Virginia,7.130204823253907,3.5266277454202317
2950,0500000US51810,"Virginia Beach city, Virginia",459470.0,34305.0,7.466211069275469,Virginia Beach city,Virginia,7.130204823253907,0.3360062460215625
2970,0500000US53033,"King County, Washington",2269675.0,452475.0,19.93567360965777,King County,Washington,9.481756732817402,10.453916876840367
2984,0500000US53061,"Snohomish County, Washington",827957.0,101464.0,12.254742697990356,Snohomish County,Washington,9.481756732817402,2.7729859651729534
2994,0500000US54003,"Berkeley County, West Virginia",122076.0,1496.0,1.2254661030833252,Berkeley County,West Virginia,0.842329554957418,0.38313654812590714
2998,0500000US54011,"Cabell County, West Virginia",94350.0,1345.0,1.4255431902490725,Cabell County,West Virginia,0.842329554957418,0.5832136352916545
3011,0500000US54037,"Jefferson County, West Virginia",57701.0,837.0,1.4505814457288435,Jefferson County,West Virginia,0.842329554957418,0.6082518907714255
3012,0500000US54039,"Kanawha County, West Virginia",180745.0,2149.0,1.1889678829289885,Kanawha County,West Virginia,0.842329554957418,0.34663832797157046
3023,0500000US54061,"Monongalia County, West Virginia",105822.0,3755.0,3.5484114834344465,Monongalia County,West Virginia,0.842329554957418,2.7060819284770283
3027,0500000US54069,"Ohio County, West Virginia",42425.0,392.0,0.9239835002946376,Ohio County,West Virginia,0.842329554957418,0.08165394533721959
3032,0500000US54079,"Putnam County, West Virginia",57440.0,577.0,1.0045264623955432,Putnam County,West Virginia,0.842329554957418,0.1621969074381252
3033,0500000US54081,"Raleigh County, West Virginia",74591.0,831.0,1.1140754246490863,Raleigh County,West Virginia,0.842329554957418,0.27174586969166825
3052,0500000US55009,"Brown County, Wisconsin",268740.0,8518.0,3.1696063109324997,Brown County,Wisconsin,2.9811741925894655,0.1884321183430342
3060,0500000US55025,"Dane County, Wisconsin",561504.0,35758.0,6.368253832563971,Dane County,Wisconsin,2.9811741925894655,3.3870796399745053
3064,0500000US55033,"Dunn County, Wisconsin",45440.0,1458.0,3.20862676056338,Dunn County,Wisconsin,2.9811741925894655,0.22745256797391455
3065,0500000US55035,"Eau Claire County, Wisconsin",105710.0,4401.0,4.163276889603633,Eau Claire County,Wisconsin,2.9811741925894655,1.1821026970141677
3079,0500000US55063,"La Crosse County, Wisconsin",120784.0,5608.0,4.642999072724864,La Crosse County,Wisconsin,2.9811741925894655,1.6618248801353985
3084,0500000US55073,"Marathon County, Wisconsin",138013.0,8496.0,6.155941831566592,Marathon County,Wisconsin,2.9811741925894655,3.1747676389771264
3088,0500000US55079,"Milwaukee County, Wisconsin",939489.0,46446.0,4.943751337163075,Milwaukee County,Wisconsin,2.9811741925894655,1.9625771445736095
3092,0500000US55087,"Outagamie County, Wisconsin",190705.0,6618.0,3.4702813245588735,Outagamie County,Wisconsin,2.9811741925894655,0.489107131969408
3097,0500000US55097,"Portage County, Wisconsin",70377.0,2263.0,3.2155391676257867,Portage County,Wisconsin,2.9811741925894655,0.23436497503632125
3107,0500000US55117,"Sheboygan County, Wisconsin",118034.0,6913.0,5.8567870274666625,Sheboygan County,Wisconsin,2.9811741925894655,2.875612834877197
3115,0500000US55133,"Waukesha County, Wisconsin",406978.0,15698.0,3.8572109548919107,Waukesha County,Wisconsin,2.9811741925894655,0.8760367623024452
3118,0500000US55139,"Winnebago County, Wisconsin",171730.0,5601.0,3.2615151691608917,Winnebago County,Wisconsin,2.9811741925894655,0.2803409765714262
3120,0500000US56001,"Albany County, Wyoming",37066.0,1041.0,2.8085037500674472,Albany County,Wyoming,0.9035262138749868,1.9049775361924604
3130,0500000US56021,"Laramie County, Wyoming",100512.0,1296.0,1.2893982808022924,Laramie County,Wyoming,0.9035262138749868,0.3858720669273056
3139,0500000US56039,"Teton County, Wyoming",23331.0,317.0,1.3587072993013587,Teton County,Wyoming,0.9035262138749868,0.4551810854263719
3153,0500000US72021,"Bayamón Municipio, Puerto Rico",185187.0,254.0,0.1371586558451727,Bayamón Municipio,Puerto Rico,0.12176364644535974,0.015395009399812962
3157,0500000US72029,"Canóvanas Municipio, Puerto Rico",42337.0,58.0,0.1369960082197605,Canóvanas Municipio,Puerto Rico,0.12176364644535974,0.015232361774400752
3158,0500000US72031,"Carolina Municipio, Puerto Rico",154815.0,358.0,0.23124374253140845,Carolina Municipio,Puerto Rico,0.12176364644535974,0.10948009608604871
3159,0500000US72033,"Cataño Municipio, Puerto Rico",23155.0,34.0,0.14683653638522998,Cataño Municipio,Puerto Rico,0.12176364644535974,0.025072889939870238
3161,0500000US72037,"Ceiba Municipio, Puerto Rico",11307.0,16.0,0.14150526222693907,Ceiba Municipio,Puerto Rico,0.12176364644535974,0.019741615781579333
3167,0500000US72049,"Culebra Municipio, Puerto Rico",1792.0,4.0,0.2232142857142857,Culebra Municipio,Puerto Rico,0.12176364644535974,0.10145063926892596
3168,0500000US72051,"Dorado Municipio, Puerto Rico",35879.0,106.0,0.2954374425151203,Dorado Municipio,Puerto Rico,0.12176364644535974,0.17367379606976052
3169,0500000US72053,"Fajardo Municipio, Puerto Rico",32124.0,55.0,0.1712115552235089,Fajardo Municipio,Puerto Rico,0.12176364644535974,0.049447908778149155
3174,0500000US72061,"Guaynabo Municipio, Puerto Rico",89780.0,200.0,0.22276676319893074,Guaynabo Municipio,Puerto Rico,0.12176364644535974,0.101003116753571
3178,0500000US72069,"Humacao Municipio, Puerto Rico",50896.0,90.0,0.17683118516189877,Humacao Municipio,Puerto Rico,0.12176364644535974,0.055067538716539036
3188,0500000US72089,"Luquillo Municipio, Puerto Rico",17781.0,29.0,0.16309543895169,Luquillo Municipio,Puerto Rico,0.12176364644535974,0.041331792506330275
3190,0500000US72093,"Maricao Municipio, Puerto Rico",4755.0,9.0,0.1892744479495268,Maricao Municipio,Puerto Rico,0.12176364644535974,0.06751080150416706
3192,0500000US72097,"Mayagüez Municipio, Puerto Rico",73077.0,102.0,0.13957880044336796,Mayagüez Municipio,Puerto Rico,0.12176364644535974,0.017815153998008218
3207,0500000US72127,"San Juan Municipio, Puerto Rico",342259.0,1060.0,0.30970697629572924,San Juan Municipio,Puerto Rico,0.12176364644535974,0.1879433298503695
3212,0500000US72137,"Toa Baja Municipio, Puerto Rico",75293.0,99.0,0.1314863267501627,Toa Baja Municipio,Puerto Rico,0.12176364644535974,0.009722680304802958
3215,0500000US72143,"Vega Alta Municipio, Puerto Rico",35395.0,61.0,0.1723407260912558,Vega Alta Municipio,Puerto Rico,0.12176364644535974,0.05057707964589607
